id	тема	слово	транскрипция	перевод	формы/примечание	флаги
a1-001	2	γεια σου	йа су	привет; пока (на «ты»)	γεια σας — на «вы» и нескольким	
a1-002	2	γεια σας	йа сас	здравствуйте; до свидания (на «вы»)		
a1-003	2	καλημέρα	калимэ́ра	доброе утро; добрый день	до ~12–13 ч	
a1-004	2	καλησπέρα	калиспэ́ра	добрый вечер	после ~17 ч	
a1-005	2	καληνύχτα	калини́хта	спокойной ночи		
a1-006	2	χαίρετε	хэ́рэтэ	здравствуйте (официально)		
a1-007	2	αντίο	анди́о	прощайте, до свидания	в речи чаще γεια σου / τα λέμε	
a1-008	2	τα λέμε	та лэ́мэ	увидимся, до встречи	разг.	
a1-009	2	ευχαριστώ	эфхаристо́	спасибо		
a1-010	2	ευχαριστώ πολύ	эфхаристо́ поли́	большое спасибо		
a1-011	2	παρακαλώ	паракало́	пожалуйста; не за что; слушаю	при ответе по телефону — Ναι; / Παρακαλώ / Εμπρός	
a1-012	2	συγγνώμη	сигно́ми	извините, простите		X:сигно'ми
a1-013	2	ναι	нэ	да		
a1-014	2	όχι	о́хи	нет		
a1-015	2	εντάξει	энда́кси	хорошо, ладно, ок		
a1-016	2	τι κάνεις;	ти ка́нис?	как дела? (на «ты»)	τι κάνετε; — на «вы»	
a1-017	2	τι κάνετε;	ти ка́нэтэ?	как дела? (на «вы»)		
a1-018	2	καλά	кала́	хорошо (наречие)		
a1-019	2	τι γίνεται;	ти йи́нэтэ?	как дела?, что новенького?	разг., очень частое	
a1-020	2	έτσι κι έτσι	э́ци ки э́ци	так себе		
a1-021	4	ο άντρας	о а́ндрас	мужчина; муж	вариант написания άνδρας	
a1-022	4	η γυναίκα	и йинэ́ка	женщина; жена		
a1-023	4	το παιδί	то пэδи́	ребёнок	мн. τα παιδιά — дети; разг. обращение «ребята»	
a1-024	4	ο φίλος	о фи́лос	друг	φίλε! — обращение «друг»	
a1-025	4	η φίλη	и фи́ли	подруга		
a1-026	4	ο κύριος	о ки́риос	господин; мужчина	κύριε (обращение)	S
a1-027	4	η κυρία	и кири́а	госпожа; дама		
a1-028	4	το αγόρι	то аго́ри	мальчик; парень		
a1-029	4	το κορίτσι	то кори́ци	девочка; девушка	девушка (подруга) — η κοπέλα	
a1-030	4	ο άνθρωπος	о а́нθропос	человек	мн. οι άνθρωποι — люди	
a1-031	4	το όνομα	то о́нома	имя	мн. τα ονόματα	
a1-032	4	το επώνυμο	то эпо́нимо	фамилия		
a1-033	4	με λένε	мэ лэ́нэ	меня зовут	официальнее: λέγομαι	
a1-034	4	πώς σε λένε;	по́с сэ лэ́нэ?	как тебя зовут?	πώς σας λένε; — на «вы»	
a1-035	4	χαίρω πολύ	хэ́ро поли́	очень приятно		
a1-036	4	κι εγώ	ки эго́	я тоже		
a1-037	4	από πού είσαι;	апо́ пу́ и́сэ?	откуда ты?	από πού είστε; — на «вы»	
a1-038	4	μένω	мэ́но	жить, проживать	μένω στην Αθήνα	
a1-039	4	η διεύθυνση	и δиэ́фθинси	адрес		S
a1-040	4	το τηλέφωνο	то тилэ́фоно	телефон		
a1-041	5	εγώ	эго́	я		
a1-042	5	εσύ	эси́	ты		
a1-043	5	αυτός, αυτή, αυτό	афто́с, афти́, афто́	он, она, оно; этот		
a1-044	5	εμείς	эми́с	мы		
a1-045	5	εσείς	эси́с	вы		
a1-046	5	αυτοί, αυτές, αυτά	афти́, афтэ́с, афта́	они; эти		
a1-047	5	είμαι	и́мэ	быть	είμαι, είσαι, είναι, είμαστε, είστε, είναι	
a1-048	5	δεν	δэн	не (отрицание)	δεν είμαι	
a1-049	5	και	кэ	и	κι перед гласной	
a1-050	5	αλλά	ала́	но		
a1-051	5	ή	и́	или		
a1-052	5	τι	ти	что; какой		
a1-053	5	πού	пу́	где; куда	без ударения που — «который»	
a1-054	5	πώς	по́с	как	без ударения πως — «что» (союз)	
a1-055	6	η χώρα	и хо́ра	страна		
a1-056	6	η πόλη	и по́ли	город		
a1-057	6	η γλώσσα	и гло́са	язык		
a1-058	6	η Ελλάδα	и эла́δа	Греция		
a1-059	6	ο Έλληνας, η Ελληνίδα	о э́линас, и элини́δа	грек, гречанка		
a1-060	6	ελληνικά	элиника́	греческий язык (по-гречески)	μιλάω ελληνικά	
a1-061	6	η Ρωσία	и роси́а	Россия		
a1-062	6	ο Ρώσος, η Ρωσίδα	о ро́сос, и роси́δа	русский, русская		
a1-063	6	ρωσικά	росика́	русский язык (по-русски)		
a1-064	6	η Αγγλία	и англи́а	Англия		
a1-065	6	αγγλικά	англика́	английский язык		
a1-066	6	η Αθήνα	и аθи́на	Афины		
a1-067	6	η Κύπρος	и ки́прос	Кипр		
a1-068	6	η θάλασσα	и θа́ласа	море		
a1-069	6	το νησί	то ниси́	остров	мн. τα νησιά	
a1-070	6	ο τουρίστας	о тури́стас	турист		
a1-071	6	ξένος	ксэ́нос	иностранный; иностранец; чужой	ξένος, ξένη, ξένο	
a1-072	6	καταλαβαίνω	каталавэ́но	понимать	δεν καταλαβαίνω	
a1-073	6	ξέρω	ксэ́ро	знать, уметь		
a1-074	6	λίγο	ли́го	немного	прил. λίγος, λίγη, λίγο	
a1-075	8	η οικογένεια	и икойэ́нья	семья		
a1-076	8	η μητέρα	и митэ́ра	мать	разг. η μάνα	
a1-077	8	ο πατέρας	о патэ́рас	отец		
a1-078	8	η μαμά	и мама́	мама		
a1-079	8	ο μπαμπάς	о баба́с	папа		X:баба'с
a1-080	8	ο γιος	о йос	сын		
a1-081	8	η κόρη	и ко́ри	дочь		
a1-082	8	ο αδερφός	о аδэрфо́с	брат	книжн. αδελφός	
a1-083	8	η αδερφή	и аδэрфи́	сестра	книжн. αδελφή	
a1-084	8	οι γονείς	и гони́с	родители	ед. ο γονιός	
a1-085	8	τα αδέρφια	та аδэ́рфья	братья и сёстры		
a1-086	8	ο παππούς	о папу́с	дедушка		
a1-087	8	η γιαγιά	и йайа́	бабушка		
a1-088	8	ο θείος	о θи́ос	дядя		
a1-089	8	η θεία	и θи́а	тётя		
a1-090	8	ο ξάδερφος, η ξαδέρφη	о кса́δэрфос, и ксаδэ́рфи	двоюродный брат, сестра		
a1-091	8	ο εγγονός, η εγγονή	о энгоно́с, и энгони́	внук, внучка		
a1-092	8	το μωρό	то моро́	младенец, малыш		
a1-093	8	ο/η σύζυγος	о/и си́зигос	супруг, супруга	в речи чаще ο άντρας μου / η γυναίκα μου	
a1-094	8	παντρεμένος	пандрэмэ́нос	женатый, замужем	ж. р. παντρεμένη, ср. р. παντρεμένο	
a1-095	9	ένας, μία (μια), ένα	э́нас, ми́а (мья), э́на	один, одна, одно; неопределённый артикль		
a1-096	9	έχω	э́хо	иметь	έχω, έχεις, έχει, έχουμε, έχετε, έχουν	
a1-097	9	μου	му	мой, моя, моё	ставится после слова: ο φίλος μου	
a1-098	9	σου	су	твой		
a1-099	9	του	ту	его		
a1-100	9	της	тис	её		
a1-101	9	μας	мас	наш		
a1-102	9	σας	сас	ваш; Ваш		
a1-103	9	τους	тус	их		
a1-104	10	θέλω	θэ́ло	хотеть	разг. θες = θέλεις	
a1-105	10	κάνω	ка́но	делать		
a1-106	10	πίνω	пи́но	пить		
a1-107	10	γράφω	гра́фо	писать		
a1-108	10	διαβάζω	δьява́зо	читать; учить (уроки)		
a1-109	10	βλέπω	влэ́по	видеть; смотреть		
a1-110	10	παίρνω	пэ́рно	брать; покупать; звонить (παίρνω τηλέφωνο)		
a1-111	10	δίνω	δи́но	давать		
a1-112	10	φέρνω	фэ́рно	приносить		
a1-113	10	αγοράζω	агора́зо	покупать		
a1-114	10	πληρώνω	плиро́но	платить		
a1-115	10	ψάχνω	пса́хно	искать		
a1-116	10	ανοίγω	ани́го	открывать		
a1-117	10	κλείνω	кли́но	закрывать		
a1-118	10	περιμένω	пэримэ́но	ждать		
a1-119	10	μαθαίνω	маθэ́но	учить, учиться; узнавать		
a1-120	10	φεύγω	фэ́вго	уходить, уезжать		
a1-121	10	γυρίζω	йири́зо	возвращаться		
a1-122	10	βάζω	ва́зо	класть, ставить; надевать		
a1-123	10	βρίσκω	ври́ско	находить		
a1-124	12	η δουλειά	и δулья́	работа		
a1-125	12	δουλεύω	δулэ́во	работать		
a1-126	12	ο/η γιατρός	о/и йатро́с	врач		
a1-127	12	ο δάσκαλος, η δασκάλα	о δа́скалос, и δаска́ла	учитель, учительница		
a1-128	12	ο μαθητής, η μαθήτρια	о маθити́с, и маθи́триа	ученик, ученица		S
a1-129	12	ο φοιτητής, η φοιτήτρια	о фитити́с, и фити́триа	студент, студентка		S
a1-130	12	ο οδηγός	о оδиго́с	водитель		
a1-131	12	ο μάγειρας	о ма́йирас	повар		
a1-132	12	ο σερβιτόρος, η σερβιτόρα	о сэрвито́рос, и сэрвито́ра	официант, официантка		
a1-133	12	ο πωλητής, η πωλήτρια	о полити́с, и поли́триа	продавец, продавщица		S
a1-134	12	ο/η υπάλληλος	о/и ипа́лилос	служащий, сотрудник		
a1-135	12	ο/η αστυνομικός	о/и астиномико́с	полицейский		
a1-136	12	ο μηχανικός	о миханико́с	инженер; механик		
a1-137	12	ο/η φωτογράφος	о/и фотогра́фос	фотограф		
a1-138	12	ο/η συνάδελφος	о/и сина́δэлфос	коллега		
a1-139	12	ο/η συνταξιούχος	о/и синдаксью́хос	пенсионер(ка)		
a1-140	12	το γραφείο	то графи́о	офис; кабинет; письменный стол		
a1-141	12	το σχολείο	то схоли́о	школа		
a1-142	12	το νοσοκομείο	то носокоми́о	больница		
a1-143	12	η εταιρεία	и этэри́а	компания, фирма	вариант написания εταιρία	
a1-144	13	σε (στον, στη(ν), στο)	сэ (стон, сти(н), сто)	в, на, к	σε + артикль: στον, στην, στο (тема 13)	
a1-145	15	μηδέν	миδэ́н	ноль		
a1-146	15	δύο (δυο)	δи́о (δьо)	два		
a1-147	15	τρεις, τρία	трис, три́а	три	τρεις — м./ж. р., τρία — ср. р.	
a1-148	15	τέσσερις, τέσσερα	тэ́сэрис, тэ́сэра	четыре	τέσσερις — м./ж. р., τέσσερα — ср. р.	
a1-149	15	πέντε	пэ́ндэ	пять		
a1-150	15	έξι	э́кси	шесть		
a1-151	15	εφτά (επτά)	эфта́ (эпта́)	семь		
a1-152	15	οχτώ (οκτώ)	охто́ (окто́)	восемь		
a1-153	15	εννιά (εννέα)	энья́ (энэ́а)	девять		
a1-154	15	δέκα	δэ́ка	десять		
a1-155	15	έντεκα	э́ндэка	одиннадцать		
a1-156	15	δώδεκα	δо́δэка	двенадцать		
a1-157	15	δεκατρία	δэкатри́а	тринадцать	δεκατρείς — м./ж. р.	
a1-158	15	δεκατέσσερα	δэкатэ́сэра	четырнадцать	δεκατέσσερις — м./ж. р.	
a1-159	15	δεκαπέντε	δэкапэ́ндэ	пятнадцать		
a1-160	15	δεκαέξι	δэкаэ́кси	шестнадцать		
a1-161	15	δεκαεφτά	δэкаэфта́	семнадцать		
a1-162	15	δεκαοχτώ	δэкаохто́	восемнадцать		
a1-163	15	δεκαεννιά	δэкаэнья́	девятнадцать		
a1-164	15	είκοσι	и́коси	двадцать		
a1-165	16	το σπίτι	то спи́ти	дом; домой (στο σπίτι)		
a1-166	16	το διαμέρισμα	то δьямэ́ризма	квартира		
a1-167	16	η πολυκατοικία	и поликатики́а	многоквартирный дом		
a1-168	16	το δωμάτιο	то δома́тио	комната		S
a1-169	16	η κουζίνα	и кузи́на	кухня; плита		
a1-170	16	το μπάνιο	то ба́ньо	ванная; купание		
a1-171	16	η κρεβατοκάμαρα	и крэватока́мара	спальня		
a1-172	16	το σαλόνι	то сало́ни	гостиная		
a1-173	16	η πόρτα	и по́рта	дверь		
a1-174	16	το παράθυρο	то пара́θиро	окно		
a1-175	16	ο τοίχος	о ти́хос	стена		
a1-176	16	το μπαλκόνι	то балко́ни	балкон		
a1-177	16	η σκάλα	и ска́ла	лестница		
a1-178	16	ο όροφος	о о́рофос	этаж		
a1-179	16	το ασανσέρ	то асансэ́р	лифт		
a1-180	16	ο κήπος	о ки́пос	сад		
a1-181	16	η αυλή	и авли́	двор		
a1-182	16	το κλειδί	то клиδи́	ключ		
a1-183	16	το ενοίκιο	то эни́кио	арендная плата		S
a1-184	16	ο γείτονας, η γειτόνισσα	о йи́тонас, и йито́ниса	сосед, соседка		
a1-185	18	το κρεβάτι	то крэва́ти	кровать		
a1-186	18	το τραπέζι	то трапэ́зи	стол		
a1-187	18	η καρέκλα	и карэ́кла	стул		
a1-188	18	ο καναπές	о канапэ́с	диван	мн. οι καναπέδες	
a1-189	18	η ντουλάπα	и дула́па	шкаф		
a1-190	18	το ψυγείο	то псийи́о	холодильник		
a1-191	18	η τηλεόραση	и тилэо́раси	телевизор		
a1-192	18	ο υπολογιστής	о иполойисти́с	компьютер		
a1-193	18	το κινητό	то кинито́	мобильный телефон		
a1-194	18	το φως	то фос	свет	мн. τα φώτα	
a1-195	18	η λάμπα	и ла́мба	лампа		
a1-196	18	το πράγμα	то пра́гма	вещь	мн. τα πράγματα	
a1-197	18	το βιβλίο	то вивли́о	книга		
a1-198	18	το χαρτί	то харти́	бумага		
a1-199	18	το στυλό	то стило́	ручка	не склоняется	
a1-200	18	η τσάντα	и ца́нда	сумка		
a1-201	18	το ρολόι	то роло́и	часы	мн. τα ρολόγια	
a1-202	18	ο καθρέφτης	о каθрэ́фтис	зеркало		
a1-203	18	η πετσέτα	и пэцэ́та	полотенце		
a1-204	18	το πλυντήριο	то плинди́рио	стиральная машина		S
a1-205	20	το φαγητό	то файито́	еда; блюдо		
a1-206	20	το ψωμί	то псоми́	хлеб		
a1-207	20	το τυρί	то тири́	сыр		
a1-208	20	το αυγό	то авго́	яйцо	мн. τα αυγά	
a1-209	20	το κρέας	то крэ́ас	мясо		
a1-210	20	το κοτόπουλο	то кото́пуло	курица (еда)		
a1-211	20	το ψάρι	то пса́ри	рыба		
a1-212	20	η σαλάτα	и сала́та	салат		
a1-213	20	η ντομάτα	и дома́та	помидор		
a1-214	20	η πατάτα	и пата́та	картофель	πατάτες τηγανητές — картошка фри	
a1-215	20	το ρύζι	то ри́зи	рис		
a1-216	20	τα μακαρόνια	та макаро́нья	макароны		
a1-217	20	το λάδι	то ла́δи	(оливковое) масло		
a1-218	20	το αλάτι	то ала́ти	соль		
a1-219	20	τα φρούτα	та фру́та	фрукты	ед. το φρούτο	
a1-220	20	το σουβλάκι	то сувла́ки	сувлаки		
a1-221	20	τα λαχανικά	та лаханика́	овощи		
a1-222	20	το γιαούρτι	то йау́рти	йогурт		
a1-223	20	ο γύρος	о йи́рос	гирос		
a1-224	20	ο μουσακάς	о мусака́с	мусака		
a1-225	22	ο καφές	о кафэ́с	кофе	мн. οι καφέδες	
a1-226	22	το τσάι	то ца́и	чай		
a1-227	22	το νερό	то нэро́	вода		
a1-228	22	ο χυμός	о химо́с	сок		
a1-229	22	το γάλα	то га́ла	молоко		
a1-230	22	η μπίρα	и би́ра	пиво	вариант написания μπύρα	
a1-231	22	το κρασί	то краси́	вино		
a1-232	22	η ζάχαρη	и за́хари	сахар	καφές σκέτος / μέτριος / γλυκός — без сахара / средний / сладкий	
a1-233	22	ο φρέντο	о фрэ́до	фреддо (холодный кофе)	φρέντο εσπρέσο, φρέντο καπουτσίνο	X:фрэ'до
a1-234	22	το ποτήρι	то поти́ри	стакан, бокал		
a1-235	22	το μπουκάλι	то бука́ли	бутылка		
a1-236	22	το πιάτο	то пья́то	тарелка; блюдо		
a1-237	22	το πιρούνι	то пиру́ни	вилка		
a1-238	22	το μαχαίρι	то махэ́ри	нож		
a1-239	22	το κουτάλι	то кута́ли	ложка		
a1-240	22	ο λογαριασμός	о логарьязмо́с	счёт	τον λογαριασμό, παρακαλώ	
a1-241	22	ο κατάλογος	о ката́логос	меню; список		
a1-242	22	η ταβέρνα	и тавэ́рна	таверна		
a1-243	22	το ποτό	то пото́	напиток (обычно алкогольный)		
a1-244	22	θα ήθελα	θа и́θэла	я бы хотел(а)	вежливая просьба, готовая фраза	
a1-245	24	μιλάω	мила́о	говорить	в речи и μιλώ; так у всех глаголов на -άω	
a1-246	24	αγαπάω	агапа́о	любить		
a1-247	24	ρωτάω	рота́о	спрашивать		
a1-248	24	απαντάω	апанда́о	отвечать		
a1-249	24	πεινάω	пина́о	быть голодным	πεινάω — я голоден	
a1-250	24	διψάω	δипса́о	хотеть пить		
a1-251	24	ξυπνάω	ксипна́о	просыпаться; будить		
a1-252	24	περνάω	пэрна́о	проходить; проводить время	περνάμε καλά — хорошо проводим время	
a1-253	24	περπατάω	пэрпата́о	ходить пешком, гулять		
a1-254	24	πουλάω	пула́о	продавать		
a1-255	24	κολυμπάω	колимба́о	плавать		
a1-256	24	ξεχνάω	ксэхна́о	забывать		
a1-257	24	σταματάω	стамата́о	останавливать(ся)		
a1-258	24	βοηθάω	воиθа́о	помогать		
a1-259	24	οδηγώ	оδиго́	водить (машину)	разг. и οδηγάω	
a1-260	24	μπορώ	боро́	мочь		
a1-261	24	ζω	зо	жить (существовать)	ср. μένω — проживать где-то	
a1-262	24	τηλεφωνώ	тилэфоно́	звонить (по телефону)		
a1-263	24	προσπαθώ	проспаθо́	стараться, пытаться		
a1-264	24	αργώ	арго́	опаздывать		
a1-265	26	λοιπόν	липо́н	итак, ну		
a1-266	26	βέβαια	вэ́вэа	конечно		
a1-267	26	ακριβώς	акриво́с	точно, именно		
a1-268	26	σίγουρα	си́гура	наверняка, конечно		
a1-269	26	ίσως	и́сос	может быть		
a1-270	26	μάλλον	ма́лон	скорее всего, вероятно		
a1-271	26	νομίζω	номи́зо	думать, полагать	νομίζω ότι…	
a1-272	26	το λάθος	то ла́θос	ошибка; неправильно	κάνω λάθος — ошибаюсь	
a1-273	26	δηλαδή	δилаδи́	то есть		
a1-274	26	ότι	о́ти	что (союз)	ξέρω ότι…	
a1-275	26	αν	ан	если		
a1-276	26	έλα	э́ла	иди сюда; да ладно; алло	разг.; на «вы» и мн. ч. ελάτε	
a1-277	26	άντε	а́ндэ	давай!, ну же	разг.	
a1-278	26	ρε	рэ	эй (фамильярное обращение)	только с близкими: έλα ρε!	
a1-279	26	μπράβο	бра́во	молодец, браво		
a1-280	26	ωραία	орэ́а	отлично, прекрасно		
a1-281	26	καθόλου	каθо́лу	совсем не, нисколько	δεν μιλάω καθόλου ελληνικά	
a1-282	26	κρίμα	кри́ма	жаль	τι κρίμα!	
a1-283	26	αλήθεια	али́θья	правда; правда?		
a1-284	26	δεν πειράζει	δэн пира́зи	ничего страшного		
a1-285	29	τριάντα	триа́нда	тридцать		S
a1-286	29	σαράντα	сара́нда	сорок		
a1-287	29	πενήντα	пэни́нда	пятьдесят		
a1-288	29	εξήντα	экси́нда	шестьдесят		
a1-289	29	εβδομήντα	эвδоми́нда	семьдесят		
a1-290	29	ογδόντα	огδо́нда	восемьдесят		
a1-291	29	ενενήντα	энэни́нда	девяносто		
a1-292	29	εκατό	экато́	сто	εκατόν + число: εκατόν δέκα	
a1-293	29	διακόσια	δьяко́сья	двести	διακόσιοι, -ες — м./ж. р.; так все сотни	
a1-294	29	πεντακόσια	пэндако́сья	пятьсот		
a1-295	29	χίλια	хи́лья	тысяча	χίλιοι, -ες — м./ж. р.	
a1-296	29	χιλιάδες	хилья́δэс	тысячи	δύο χιλιάδες	
a1-297	29	το ευρώ	то эвро́	евро	не склоняется	
a1-298	29	το λεπτό	то лэпто́	цент; минута		
a1-299	29	πόσο κάνει;	по́со ка́ни?	сколько стоит?	πόσο κάνουν; — мн. ч.	
a1-300	29	χρονών	хроно́н	(сколько) лет	είμαι εξήντα χρονών	
a1-301	29	πρώτος	про́тос	первый	πρώτος, -η, -ο	
a1-302	29	δεύτερος	δэ́фтэрос	второй		
a1-303	29	τρίτος	три́тос	третий		
a1-304	29	περίπου	пэри́пу	примерно		
a1-305	30	καλός	кало́с	хороший	καλός, καλή, καλό	
a1-306	30	κακός	како́с	плохой		
a1-307	30	μεγάλος	мэга́лос	большой; старший		
a1-308	30	μικρός	микро́с	маленький; младший		
a1-309	30	καινούριος	кэну́рьос	новый	καινούριος, καινούρια, καινούριο	
a1-310	30	παλιός	пальо́с	старый (о вещах)	παλιός, παλιά, παλιό	
a1-311	30	νέος	нэ́ос	молодой; новый	νέος, νέα, νέο	
a1-312	30	ωραίος	орэ́ос	красивый, приятный	ωραίος, ωραία, ωραίο	
a1-313	30	όμορφος	о́морфос	красивый		
a1-314	30	σωστός	состо́с	правильный	σωστά — правильно	
a1-315	30	ζεστός	зэсто́с	горячий, тёплый		
a1-316	30	κρύος	кри́ос	холодный	κρύος, κρύα, κρύο	
a1-317	30	ακριβός	акриво́с	дорогой		
a1-318	30	φτηνός	фтино́с	дешёвый		
a1-319	30	εύκολος	э́фколос	лёгкий, простой		
a1-320	30	δύσκολος	δи́сколос	трудный		
a1-321	30	ψηλός	псило́с	высокий		
a1-322	30	κοντός	кондо́с	низкий; короткий		
a1-323	30	γλυκός	глико́с	сладкий; милый	γλυκός, γλυκιά, γλυκό	
a1-324	30	γρήγορος	гри́горос	быстрый		
a1-325	32	το μαγαζί	то магази́	магазин, лавка		
a1-326	32	το σούπερ μάρκετ	то су́пэр ма́ркэт	супермаркет	не склоняется	
a1-327	32	ο φούρνος	о фу́рнос	пекарня; духовка		
a1-328	32	το περίπτερο	то пэри́птэро	киоск		
a1-329	32	η λαϊκή	и лаики́	рынок (уличный, овощной)		
a1-330	32	η αγορά	и агора́	рынок; покупка		
a1-331	32	τα λεφτά	та лэфта́	деньги	книжн. τα χρήματα	
a1-332	32	η κάρτα	и ка́рта	(банковская) карта		
a1-333	32	τα μετρητά	та мэтрита́	наличные		
a1-334	32	η απόδειξη	и апо́δикси	чек		
a1-335	32	τα ρέστα	та рэ́ста	сдача		
a1-336	32	το ταμείο	то тами́о	касса		
a1-337	32	η σακούλα	и саку́ла	пакет		
a1-338	32	το πακέτο	то пакэ́то	пачка, упаковка; посылка		
a1-339	32	το κιλό	то кило́	килограмм	μισό κιλό — полкило	
a1-340	32	η τιμή	и тими́	цена		
a1-341	32	η έκπτωση	и э́кптоси	скидка		
a1-342	32	ψωνίζω	псони́зо	делать покупки		
a1-343	32	ανοιχτός	анихто́с	открытый		
a1-344	32	κλειστός	клисто́с	закрытый		
a1-345	33	εκείνος, εκείνη, εκείνο	эки́нос, эки́ни, эки́но	тот, та, то		
a1-346	34	τα ρούχα	та ру́ха	одежда		
a1-347	34	το παντελόνι	то пандэло́ни	брюки		
a1-348	34	η φούστα	и фу́ста	юбка		
a1-349	34	το φόρεμα	то фо́рэма	платье		
a1-350	34	το πουκάμισο	то пука́мисо	рубашка		
a1-351	34	η μπλούζα	и блу́за	кофта, футболка		
a1-352	34	το μπουφάν	то буфа́н	куртка	не склоняется	
a1-353	34	τα παπούτσια	та папу́цья	обувь	ед. το παπούτσι	
a1-354	34	η κάλτσα	и ка́лца	носок		
a1-355	34	τα γυαλιά	та йалья́	очки	γυαλιά ηλίου — солнечные очки	
a1-356	34	φοράω	фора́о	носить, надевать		
a1-357	34	δοκιμάζω	δокима́зо	примерять; пробовать		
a1-358	34	άσπρος	а́спрос	белый		
a1-359	34	μαύρος	ма́врос	чёрный		
a1-360	34	κόκκινος	ко́кинос	красный		
a1-361	34	πράσινος	пра́синос	зелёный		
a1-362	34	κίτρινος	ки́тринос	жёлтый		
a1-363	34	μπλε	блэ	синий, голубой	не склоняется	
a1-364	34	καφέ	кафэ́	коричневый	не склоняется	
a1-365	34	γκρι	гри	серый	не склоняется	
a1-366	36	ο δρόμος	о δро́мос	улица; дорога		
a1-367	36	η οδός	и оδо́с	улица (в адресах)		
a1-368	36	η πλατεία	и плати́а	площадь		
a1-369	36	το κέντρο	то кэ́ндро	центр		
a1-370	36	η γειτονιά	и йитонья́	район, округа		
a1-371	36	η εκκλησία	и эклиси́а	церковь		
a1-372	36	το μουσείο	то муси́о	музей		
a1-373	36	η τράπεζα	и тра́пэза	банк		
a1-374	36	το ταχυδρομείο	то тахиδроми́о	почта		
a1-375	36	το φαρμακείο	то фармаки́о	аптека		
a1-376	36	το εστιατόριο	то эстиато́рио	ресторан		S
a1-377	36	το ξενοδοχείο	то ксэноδохи́о	гостиница		
a1-378	36	η παραλία	и парали́а	пляж		
a1-379	36	το πάρκο	то па́рко	парк		
a1-380	36	το λιμάνι	то лима́ни	порт		
a1-381	36	το σινεμά	то синэма́	кино		
a1-382	36	η γωνία	и гони́а	угол		
a1-383	36	υπάρχει	ипа́рхи	есть, имеется	υπάρχει φαρμακείο εδώ κοντά; мн. υπάρχουν	
a1-384	36	ο αριθμός	о ариθмо́с	номер, число		
a1-385	36	η τουαλέτα	и туалэ́та	туалет		
a1-386	37	εδώ	эδо́	здесь, сюда		
a1-387	37	εκεί	эки́	там, туда		
a1-388	38	το αυτοκίνητο	то афтоки́нито	автомобиль		
a1-389	38	το αμάξι	то ама́кси	машина (разг.)		
a1-390	38	το λεωφορείο	то лэофори́о	автобус		
a1-391	38	το μετρό	то мэтро́	метро		
a1-392	38	το ταξί	то такси́	такси		
a1-393	38	το τρένο	то трэ́но	поезд		
a1-394	38	το πλοίο	то пли́о	корабль, паром		
a1-395	38	το αεροπλάνο	то аэропла́но	самолёт		
a1-396	38	το αεροδρόμιο	то аэроδро́мио	аэропорт		S
a1-397	38	η μηχανή	и михани́	мотоцикл; машина, механизм		
a1-398	38	η στάση	и ста́си	остановка		
a1-399	38	ο σταθμός	о стаθмо́с	станция, вокзал		
a1-400	38	το εισιτήριο	то исити́рио	билет		S
a1-401	38	ευθεία	эфθи́а	прямо		
a1-402	38	δεξιά	δэксья́	направо, справа		
a1-403	38	αριστερά	аристэра́	налево, слева		
a1-404	38	στρίβω	стри́во	поворачивать		
a1-405	38	ανεβαίνω	анэвэ́но	подниматься		
a1-406	38	κατεβαίνω	катэвэ́но	спускаться; выходить (из транспорта)		
a1-407	38	φτάνω	фта́но	прибывать; хватать	φτάνει! — хватит!	
a1-408	39	από	апо́	из, от, с		
a1-409	39	με	мэ	с; на (транспорте)	με το λεωφορείο	
a1-410	39	για	йа	для; о; на (срок)		
a1-411	39	χωρίς	хори́с	без		
a1-412	39	μέχρι	мэ́хри	до		
a1-413	39	πριν	прин	до, перед; назад (о времени)	πριν από, πριν δύο μέρες	
a1-414	39	δίπλα	δи́пла	рядом	δίπλα σε	
a1-415	39	απέναντι	апэ́нанди	напротив		
a1-416	39	μπροστά	броста́	впереди		
a1-417	39	πίσω	пи́со	сзади; назад		
a1-418	39	πάνω	па́но	наверху		
a1-419	39	κάτω	ка́то	внизу		
a1-420	39	μέσα	мэ́са	внутри		
a1-421	39	έξω	э́ксо	снаружи; на улице		
a1-422	39	κοντά	конда́	близко		
a1-423	39	μακριά	макрья́	далеко		
a1-424	39	εμένα, εσένα	эмэ́на, эсэ́на	меня, тебя (ударные формы)	για μένα, με σένα; ответ «κι εσένα» — и тебе	
a1-425	41	η ώρα	и о́ра	час; время		
a1-426	41	τι ώρα είναι;	ти о́ра и́нэ?	который час?		
a1-427	41	η μέρα	и мэ́ра	день	книжн. ημέρα	
a1-428	41	η νύχτα	и ни́хта	ночь		
a1-429	41	το πρωί	то прои́	утро; утром		
a1-430	41	το μεσημέρι	то мэсимэ́ри	полдень; днём		
a1-431	41	το απόγευμα	то апо́йэвма	время после обеда (~15–19 ч)		
a1-432	41	το βράδυ	то вра́δи	вечер; вечером		
a1-433	41	απόψε	апо́псэ	сегодня вечером		
a1-434	41	και μισή	кэ миси́	с половиной (о времени)	τρεις και μισή — полчетвёртого	
a1-435	41	το τέταρτο	то тэ́тарто	четверть	και τέταρτο / παρά τέταρτο	
a1-436	41	παρά	пара́	без (о времени)	πέντε παρά δέκα	
a1-437	41	νωρίς	нори́с	рано		
a1-438	41	αργά	арга́	поздно; медленно		
a1-439	41	σήμερα	си́мэра	сегодня		
a1-440	41	αύριο	а́врио	завтра		S
a1-441	41	χθες (χτες)	хθэс (хтэс)	вчера		
a1-442	41	τελειώνω	тэльо́но	заканчивать(ся)		
a1-443	41	αρχίζω	архи́зо	начинать(ся)	η ταινία αρχίζει στις οχτώ	
a1-444	41	το ραντεβού	то рандэву́	встреча; приём	не склоняется	
a1-445	42	πάω	па́о	идти, ехать	πάω, πας, πάει, πάμε, πάτε, πάνε; πάμε! — пошли!; книжн. πηγαίνω	
a1-446	42	λέω	лэ́о	говорить, сказать	λέω, λες, λέει, λέμε, λέτε, λένε	
a1-447	42	τρώω	тро́о	есть (кушать)	τρώω, τρως, τρώει, τρώμε, τρώτε, τρώνε	
a1-448	42	ακούω	аку́о	слышать, слушать	ακούω, ακούς, ακούει…	
a1-449	43	η Δευτέρα	и δэфтэ́ра	понедельник		
a1-450	43	η Τρίτη	и три́ти	вторник		
a1-451	43	η Τετάρτη	и тэта́рти	среда		
a1-452	43	η Πέμπτη	и пэ́мпти	четверг		
a1-453	43	η Παρασκευή	и параскэви́	пятница		
a1-454	43	το Σάββατο	то са́вато	суббота		
a1-455	43	η Κυριακή	и кирьяки́	воскресенье		
a1-456	43	η εβδομάδα	и эвδома́δа	неделя	разг. η βδομάδα	
a1-457	43	το Σαββατοκύριακο	то саватоки́рьяко	выходные		
a1-458	43	ο μήνας	о ми́нас	месяц		
a1-459	43	ο χρόνος	о хро́нос	год; время	του χρόνου — в следующем году	
a1-460	43	κάθε	ка́θэ	каждый	κάθε μέρα	
a1-461	43	οι διακοπές	и δьякопэ́с	отпуск, каникулы		
a1-462	43	η άνοιξη	и а́никси	весна		
a1-463	43	το καλοκαίρι	то калокэ́ри	лето		
a1-464	43	το φθινόπωρο	то фθино́поро	осень		
a1-465	43	ο χειμώνας	о химо́нас	зима		
a1-466	43	η γιορτή	и йорти́	праздник; именины		
a1-467	43	τα γενέθλια	та йэнэ́θлиа	день рождения		S
a1-468	43	η ημερομηνία	и имэромини́а	дата		
a1-469	44	ο Ιανουάριος	о иануа́риос	январь	разг. Γενάρης	S
a1-470	44	ο Φεβρουάριος	о фэвруа́риос	февраль	разг. Φλεβάρης	S
a1-471	44	ο Μάρτιος	о ма́ртиос	март	разг. Μάρτης	S
a1-472	44	ο Απρίλιος	о апри́лиос	апрель	разг. Απρίλης	S
a1-473	44	ο Μάιος	о ма́иос	май	разг. Μάης	S
a1-474	44	ο Ιούνιος	о иу́ниос	июнь	разг. Ιούνης	S
a1-475	44	ο Ιούλιος	о иу́лиос	июль	разг. Ιούλης	S
a1-476	44	ο Αύγουστος	о а́вгустос	август		
a1-477	44	ο Σεπτέμβριος	о сэптэ́мвриос	сентябрь	разг. Σεπτέμβρης	S
a1-478	44	ο Οκτώβριος	о окто́вриос	октябрь	разг. Οκτώβρης	S
a1-479	44	ο Νοέμβριος	о ноэ́мвриос	ноябрь	разг. Νοέμβρης	S
a1-480	44	ο Δεκέμβριος	о δэкэ́мвриос	декабрь	разг. Δεκέμβρης	S
a1-481	46	σηκώνομαι	сико́номэ	вставать		
a1-482	46	πλένομαι	плэ́номэ	умываться		
a1-483	46	ντύνομαι	ди́номэ	одеваться		
a1-484	46	ετοιμάζομαι	этима́зомэ	собираться, готовиться		
a1-485	46	κάθομαι	ка́θомэ	сидеть, садиться; оставаться		
a1-486	46	έρχομαι	э́рхомэ	приходить	έρχομαι, έρχεσαι, έρχεται…	
a1-487	46	κοιμάμαι	кима́мэ	спать	κοιμάμαι, κοιμάσαι, κοιμάται…	
a1-488	46	ξεκουράζομαι	ксэкура́зомэ	отдыхать		
a1-489	46	χρειάζομαι	хриа́зомэ	нуждаться		S
a1-490	46	θυμάμαι	θима́мэ	помнить		
a1-491	46	πλένω	плэ́но	мыть, стирать		
a1-492	46	μαγειρεύω	майирэ́во	готовить (еду)		
a1-493	46	καθαρίζω	каθари́зо	убирать, чистить		
a1-494	46	βγαίνω	вйэ́но	выходить; гулять (вечером)		
a1-495	46	μπαίνω	бэ́но	входить		
a1-496	46	το ντους	то дус	душ	κάνω ντους	
a1-497	46	το πρωινό	то проино́	завтрак		
a1-498	46	το μεσημεριανό	то мэсимэрьяно́	обед		
a1-499	46	το βραδινό	то враδино́	ужин		
a1-500	46	συνήθως	сини́θос	обычно		
a1-501	48	καλή όρεξη	кали́ о́рэкси	приятного аппетита		
a1-502	48	στην υγειά μας	стин ийа́ мас	за наше здоровье		
a1-503	48	χρόνια πολλά	хро́нья пола́	с праздником! (с днём рождения, именинами и т. п.)		
a1-504	48	καλό ταξίδι	кало́ такси́δи	счастливого пути		
a1-505	48	περαστικά	пэрастика́	выздоравливай(те)		
a1-506	48	καλή επιτυχία	кали́ эпитихи́а	удачи (в деле, на экзамене)		
a1-507	48	καλή τύχη	кали́ ти́хи	удачи		
a1-508	48	καλό βράδυ	кало́ вра́δи	хорошего вечера		
a1-509	48	καλή εβδομάδα	кали́ эвδома́δа	хорошей недели		
a1-510	48	καλό Σαββατοκύριακο	кало́ саватоки́рьяко	хороших выходных		
a1-511	48	καλό μήνα	кало́ ми́на	хорошего месяца	говорят 1-го числа	
a1-512	48	καλή χρονιά	кали́ хронья́	с Новым годом; хорошего года		
a1-513	48	συγχαρητήρια	синхарити́риа	поздравляю		S
a1-514	48	με γεια	мэ йа	носи на здоровье (о покупке, стрижке)		
a1-515	48	να 'σαι καλά	на 'сэ кала́	спасибо (букв. будь здоров)	να 'στε καλά — на «вы»	
a1-516	48	ορίστε	ори́стэ	вот, пожалуйста; слушаю?; что-что?		
a1-517	48	μισό λεπτό	мисо́ лэпто́	минутку		
a1-518	48	σιγά σιγά	сига́ сига́	потихоньку		
a1-519	48	καλώς ήρθες	кало́с и́рθэс	добро пожаловать	καλώς ήρθατε — на «вы»; ответ: καλώς σας βρήκα	
a1-520	48	τι λες;	ти лэс?	да ты что!		
a1-521	51	ο καιρός	о кэро́с	погода; время		
a1-522	51	ο ήλιος	о и́льос	солнце		
a1-523	51	η βροχή	и врохи́	дождь		
a1-524	51	βρέχει	врэ́хи	идёт дождь		
a1-525	51	το χιόνι	то хьо́ни	снег		
a1-526	51	χιονίζει	хьони́зи	идёт снег		
a1-527	51	ο αέρας	о аэ́рас	ветер; воздух		
a1-528	51	φυσάει	фиса́и	дует ветер		
a1-529	51	η ζέστη	и зэ́сти	жара		
a1-530	51	το κρύο	то кри́о	холод		
a1-531	51	κάνει ζέστη	ка́ни зэ́сти	жарко		
a1-532	51	κάνει κρύο	ка́ни кри́о	холодно		
a1-533	51	ο ουρανός	о урано́с	небо		
a1-534	51	το σύννεφο	то си́нэфо	облако		
a1-535	51	η συννεφιά	и синэфья́	облачность		
a1-536	51	η θερμοκρασία	и θэрмокраси́а	температура		
a1-537	51	ο βαθμός	о ваθмо́с	градус; оценка		
a1-538	51	η υγρασία	и играси́а	влажность		
a1-539	51	η ομπρέλα	и омбрэ́ла	зонт		
a1-540	51	το βουνό	то вуно́	гора		
a1-541	53	η βοήθεια	и вои́θья	помощь	βοήθεια! — на помощь!	
a1-542	53	το κεφάλι	то кэфа́ли	голова		
a1-543	53	το μάτι	то ма́ти	глаз		
a1-544	53	το αυτί	то афти́	ухо		
a1-545	53	η μύτη	и ми́ти	нос		
a1-546	53	το στόμα	то сто́ма	рот		
a1-547	53	το δόντι	то δо́нди	зуб		
a1-548	53	ο λαιμός	о лэмо́с	горло; шея		
a1-549	53	το χέρι	то хэ́ри	рука		
a1-550	53	το πόδι	то по́δи	нога		
a1-551	53	η πλάτη	и пла́ти	спина		
a1-552	53	η κοιλιά	и килья́	живот		
a1-553	53	η καρδιά	и карδья́	сердце		
a1-554	53	πονάω	пона́о	болеть (о боли)	πονάει το κεφάλι μου	
a1-555	53	ο πόνος	о по́нос	боль		
a1-556	53	άρρωστος	а́ростос	больной		
a1-557	53	κρυωμένος	криомэ́нос	простуженный		S
a1-558	53	ο πυρετός	о пирэто́с	температура (жар)		
a1-559	53	το φάρμακο	то фа́рмако	лекарство		
a1-560	53	το χάπι	то ха́пи	таблетка		
a1-561	54	ποιος, ποια, ποιο	пьос, пья, пьо	кто; который		
a1-562	54	πότε	по́тэ	когда		
a1-563	54	πόσος, πόση, πόσο	по́сос, по́си, по́со	сколько		
a1-564	54	γιατί	йати́	почему; потому что		
a1-565	54	επειδή	эпиδи́	потому что		
a1-566	55	η μουσική	и мусики́	музыка		
a1-567	55	το τραγούδι	то трагу́δи	песня		
a1-568	55	τραγουδάω	трагуδа́о	петь		
a1-569	55	ο χορός	о хоро́с	танец		
a1-570	55	χορεύω	хорэ́во	танцевать		
a1-571	55	η ταινία	и тэни́а	фильм		
a1-572	55	το παιχνίδι	то пэхни́δи	игра; игрушка		
a1-573	55	παίζω	пэ́зо	играть		
a1-574	55	το ποδόσφαιρο	то поδо́сфэро	футбол		
a1-575	55	το γυμναστήριο	то йимнасти́рио	спортзал		S
a1-576	55	η γυμναστική	и йимнастики́	гимнастика, зарядка	κάνω γυμναστική	
a1-577	55	η βόλτα	и во́лта	прогулка	πάω βόλτα	
a1-578	55	το ταξίδι	то такси́δи	путешествие, поездка		
a1-579	55	ταξιδεύω	таксиδэ́во	путешествовать		
a1-580	55	η εκδρομή	и экδроми́	экскурсия, поездка за город		
a1-581	55	η φωτογραφία	и фотографи́а	фотография		
a1-582	55	ο ελεύθερος χρόνος	о элэ́фθэрос хро́нос	свободное время		
a1-583	55	το ίντερνετ	то и́нтэрнэт	интернет		X:и'нтэрнэт
a1-584	55	ο σκύλος	о ски́лос	собака		
a1-585	55	η γάτα	и га́та	кошка		
a1-586	56	μου αρέσει, μου αρέσουν	му арэ́си, му арэ́сун	мне нравится, нравятся	δεν μου αρέσει; σου αρέσει;	
a1-587	57	τώρα	то́ра	сейчас		
a1-588	57	μετά	мэта́	потом, после		
a1-589	57	πάντα	па́нда	всегда		
a1-590	57	ποτέ	потэ́	никогда	δεν… ποτέ	
a1-591	57	συχνά	сихна́	часто		
a1-592	57	καμιά φορά	камья́ фора́	иногда		
a1-593	57	όταν	о́тан	когда (союз)	όταν βρέχει…	
a1-594	57	πολύς, πολλή, πολύ	поли́с, поли́, поли́	много; очень (πολύ)	мн. πολλοί, πολλές, πολλά	
a1-595	57	όλος	о́лос	весь	όλοι — все	
a1-596	57	άλλος	а́лос	другой		
a1-597	57	κάτι	ка́ти	что-то		
a1-598	57	τίποτα	ти́пота	ничего; не за что	δεν θέλω τίποτα	
a1-599	57	κάποιος	ка́пьос	кто-то; некий		
a1-600	57	κανείς (κανένας)	кани́с (канэ́нас)	никто; кто-нибудь	κανένα πρόβλημα	
a1-601	57	μόνο	мо́но	только		
a1-602	57	ακόμα	ако́ма	ещё		
a1-603	57	τότε	то́тэ	тогда		
a1-604	57	πάλι	па́ли	снова	синоним ξανά	
a1-605	57	μαζί	мази́	вместе		
a1-606	57	επίσης	эпи́сис	также; взаимно	ответ на пожелание: Επίσης!	
a1-607	59	κουρασμένος	куразмэ́нос	усталый		
a1-608	59	χαρούμενος	хару́мэнос	радостный		
a1-609	59	λυπημένος	липимэ́нос	грустный		
a1-610	59	θυμωμένος	θимомэ́нос	сердитый		
a1-611	59	αγχωμένος	анхомэ́нос	встревоженный, в стрессе		
a1-612	59	ήρεμος	и́рэмос	спокойный		
a1-613	59	έτοιμος	э́тимос	готовый		
a1-614	59	απασχολημένος	апасхолимэ́нос	занятой		
a1-615	59	ευχαριστημένος	эфхаристимэ́нос	довольный		
a1-616	59	μόνος	мо́нос	один, сам	μόνος μου — сам, один	
a1-617	59	χαίρομαι	хэ́ромэ	радоваться	χαίρομαι πολύ — очень рад(а)	
a1-618	59	λυπάμαι	липа́мэ	сожалеть; мне жаль		
a1-619	59	φοβάμαι	фова́мэ	бояться		
a1-620	59	βαριέμαι	варьэ́мэ	скучать; лень	βαριέμαι — мне скучно / лень	
a1-621	59	στεναχωριέμαι	стэнахорьэ́мэ	огорчаться, грустить		
a1-622	59	νυστάζω	ниста́зо	хотеть спать		
a1-623	59	κρυώνω	крио́но	мёрзнуть		S
a1-624	59	ανησυχώ	анисихо́	беспокоиться		
a1-625	59	η χαρά	и хара́	радость	γεια χαρά — привет!	
a1-626	59	το πρόβλημα	то про́влима	проблема	κανένα πρόβλημα	
